steps,episodes,total reward
10000,195,17.240000000000002
20000,305,26.169999999999966
30000,396,26.359999999999957
40000,491,23.28999999999999
50000,584,25.329999999999966
60000,681,25.289999999999978
70000,801,41.22
80000,897,29.339999999999954
90000,1022,44.199999999999996
100000,1135,37.25000000000001
